계좌번호,이름
100108640,개인125
100280985,개인69
100417863,아지트일월점
101336564,삼구포차율전점
101405232,개인143
101734542,개인113
101794957,개인191
101970486,이도씨맥주성대점
102024266,정자풋살파크
102176400,이가네식당
102668786,개인18
102952738,개인55
103392585,개인17
103845881,리파인성대점
104163375,개인102
104222541,현대차
104248612,CU정자점
104546428,비어킹정자점
104662923,개인156
104761564,개인179
104948892,개인188
104960961,세븐일레븐천천점
105104785,개인124
105501941,엔센당구
106441899,개인132
106640246,개인159
106784414,카카오뱅크
106852298,개인12
107344659,개인29
107464328,개인166
107616138,LF몰
107926556,GS25천천점
107949117,개인137
108294940,개인168
108311547,개인42
108364646,개인77
108518019,스피드당구장
108749329,옥집성대점
108779682,개인120
109111017,개인154
109340620,삼구포차천천점
109894652,개인121
109904167,개인71
110078444,개인117
110281421,개인48
110886971,필스너하우스율전점
111001036,개인33
111171714,GS25일월점
111677048,Steam
111959096,개인145
112288721,개인51
112311269,서울교통공사
112367159,우리동네별궁식당
113278503,이마트에브리데이성대점
113395055,개인109
113603619,개인141
113905103,개인36
114493526,개인99
114494561,개인196
114828186,이도씨맥주율전점
114984292,개인67
115019262,성대이학식당
115329343,GS25율전점
115490486,맛있는연화식당
115511052,우리동네한끼이자까야
115577586,개인2
116146895,개인153
118092297,개인85
118165359,개인81
118578512,이도씨맥주천천점
118879983,개인167
118956852,옥집일월점
119047718,SK이노베이션
119281012,경인고속
119504067,개인34
119963619,개인89
120106271,GS25성대점
120616188,개인45
120684376,개인182
120876602,ABC마트
120929289,개인32
121129238,역전할머니맥주성대점
121278606,CU율전점
121656959,율전이학식당
122067585,개인95
122771578,CU일월점
122984732,CU성대점
123233064,진에어
123432355,개인10
123486440,개인106
123667242,기아
123877159,팬도로시
124068961,NAVER
124125882,개인192
124415036,개인65
124829461,리파인정자점
125025818,옥집천천점
125193077,개인26
125288701,개인80
125351978,발리맥주율전점
125510357,필스너하우스천천점
125613734,티웨이항공
125692002,메가박스
126189634,개인164
126256317,개인63
126274625,그린당구장
126881834,개인40
126914539,탐앤탐스
127357016,하삼동커피
127408446,개인54
127762078,개인79
127850688,삼성전자
127858618,굿패스풋살
127980627,개인15
128085113,인생맥주성대점
128298879,개인171
128806282,개인86
129322862,개인135
129482654,이마트
129550096,이마트에브리데이천천점
130292640,개인162
130342582,대영당구장
130667792,POSCO홀딩스
131402132,엔센탁구
131704260,인생맥주일월점
132214517,개인59
132546243,개인38
133511971,필스너하우스정자점
133707461,개인93
134022944,GS25정자점
134326098,코스트코
134389493,개인147
134434897,개인72
135294009,우리동네화성식당
136016154,개인150
136050040,HM풋살파크
136384811,개인112
136570927,개인47
136845946,개인131
137178534,개인181
137696719,세븐일레븐정자점
137737075,맛있는화성이자까야
138028292,개인28
138522725,당수풋살
139606467,기사국밥
139616917,개인56
139804910,개인199
140299570,아시아나
140543777,맛있는둥지이자까야
140638581,개인195
140769321,개인94
140987482,당골식당
141112244,개인14
141250333,더현대
141581416,개인31
141787202,신한지주
141928406,개인136
142085740,개인172
142165393,개인176
142242302,개인57
142580581,개인62
142838574,개인114
143136042,식육식당
143480362,개인4
143668519,개인116
143925556,LG화학
144082844,개인44
144189507,CU천천점
145202061,개인97
145749033,개인122
146379039,우리동네도암식당
146713657,개인60
146847523,공차
146941406,개인152
147307998,이마트에브리데이일월점
147544003,세븐일레븐성대점
147873203,개인35
148036932,개인5
148536169,개인13
149369509,코레일
149371730,개인53
149498017,개인151
150176670,개인76
150307207,개인46
150397095,인생맥주율전점
150705755,개인21
150864072,개인163
150927716,개인190
151078500,성대기사칼국수
151108826,개인193
151954324,우리동네연화식당
152008366,엔센농구
153379610,제주에어
153687526,개인185
153850494,개인127
153871676,개인88
154165045,에어부산
154269765,개인148
154331660,CGV
154521662,세븐일레븐율전점
154871283,개인146
155481101,맛있는둥지식당
155519268,개인20
155606365,개인111
155608509,비어킹천천점
155798026,개인160
156654963,LG전자
157325459,리파인율전점
157365456,맛있는별궁식당
157513097,개인161
157685707,우리동네진미스시야
157973052,카카오
157979694,당골이자까야
158089344,개인170
158194697,이도씨맥주일월점
158775284,개인142
159175616,개인119
159292717,개인174
159403429,아지트천천점
159431992,개인16
159524300,개인9
159568084,대한항공
160216603,개인8
160438293,세븐일레븐일월점
160810368,개인23
161218927,개인92
161487218,개인130
161647696,개인58
161755059,개인91
162011072,개인189
162033235,개인1
162066906,개인101
162294326,발리맥주천천점
162323186,개인6
162448257,유틸리티휘트니스
162598736,삼구포차정자점
163127570,개인108
163134958,개인133
163303195,개인194
163424894,개인7
163685303,개인123
164314170,개인24
164395756,개인84
165619357,개인90
166005201,개인70
167497874,개인82
167994743,SK
168118320,이마트에브리데이정자점
168193144,우리동네이학식당
168608595,개인52
168771493,개인100
169516179,개인73
170158646,낫소풋살파크
170355964,개인105
170423392,개인27
170487614,노군꼬치일월점
170712522,홈플러스
170929888,오케이당구장
171216036,화성돈까스
171457633,카페나노
172176439,개인129
172368761,개인140
172463100,비타민휘트니스
173187241,개인61
173751219,개인177
173973229,개인149
174205038,개인183
174318437,개인68
174369751,우리동네화성식당
174916593,개인39
175081295,개인187
175087464,현대모비스
175142176,개인50
175359396,개인169
175938987,개인184
175945027,개인178
175946610,개인139
176108649,개인110
176188607,박요셉풋살파크
176728649,노군꼬치정자점
176795583,개인175
176974038,노군꼬치율전점
177875587,개인157
178106556,삼성SDI
178419040,개인198
178656833,개인115
178741068,이디야
178764878,개인134
178905455,개인197
179092131,SK하이닉스
179273873,성대둥지식당
179650484,맛있는둥지돈까스
181005304,K2휘트니스
181025682,개인96
181427418,우리동네기사돈까스
181940069,개인87
182033306,개인25
182161930,도암이자까야
182229154,개인37
182528843,개인78
182630958,개인19
182652631,개인22
182724570,개인186
183148957,개인0
183234994,스타벅스
183472547,중국남방항공
183831648,삼성물산
184057387,삼성바이오로직스
184121427,개인98
184686371,개인155
185199157,성대식육식당
185872958,한끼식당
186591007,개인30
189227308,개인118
189463631,투썸플레이스
189622498,KB금융
189705704,롯데마트
190097415,성대한끼식당
190162093,케이투스크린야구
190164070,개인64
191012543,롯데시네마
191036985,창진운수
191061700,개인103
191102474,개인144
191147305,개인128
191277088,개인43
192242029,개인49
192618719,개인126
193504785,개인66
193870554,개인180
194339819,LG에너지솔루션
194352815,개인165
194493621,수정식당
194505707,개인11
195274679,개인74
195288994,개인173
195689709,이도씨맥주정자점
196095625,AK
197355886,개인104
197816879,개인138
197985675,개인83
198035529,개인41
198166893,개인158
198422799,개인75
198777585,컴포즈 커피
198906890,개인107
199116279,셀트리온
199363772,이마트에브리데이율전점
199523643,개인3
